/*
Navicat MySQL Data Transfer

Source Server         : yu
Source Server Version : 50022
Source Host           : localhost:3306
Source Database       : shop

Target Server Type    : MYSQL
Target Server Version : 50022
File Encoding         : 65001

Date: 2018-06-07 10:44:57
*/

SET FOREIGN_KEY_CHECKS=0;
-- ----------------------------
-- Table structure for `adminuser`
-- ----------------------------
DROP TABLE IF EXISTS `adminuser`;
CREATE TABLE `adminuser` (
  `uid` int(11) NOT NULL auto_increment,
  `username` varchar(255) default NULL,
  `password` varchar(255) default NULL,
  `type` varchar(255) default NULL COMMENT '类型0超级管理员1普通管理员',
  `state` int(11) default NULL,
  PRIMARY KEY  (`uid`)
) ENGINE=InnoDB DEFAULT CHARSET=utf8;

-- ----------------------------
-- Records of adminuser
-- ----------------------------
INSERT INTO `adminuser` VALUES ('2', 'admin2', 'admin', '2', '0');
INSERT INTO `adminuser` VALUES ('3', 'zhang1', 'zhang', '2', '0');
INSERT INTO `adminuser` VALUES ('4', 'lisi', 'lisi', '1', '0');

-- ----------------------------
-- Table structure for `category`
-- ----------------------------
DROP TABLE IF EXISTS `category`;
CREATE TABLE `category` (
  `cid` int(11) NOT NULL auto_increment,
  `cname` varchar(255) default NULL,
  `state` int(11) default NULL,
  PRIMARY KEY  (`cid`)
) ENGINE=InnoDB DEFAULT CHARSET=utf8;

-- ----------------------------
-- Records of category
-- ----------------------------
INSERT INTO `category` VALUES ('1', '女装男装', '0');
INSERT INTO `category` VALUES ('2', '鞋靴箱包', '0');
INSERT INTO `category` VALUES ('3', '运动户外', '0');
INSERT INTO `category` VALUES ('4', '珠宝配饰', '0');
INSERT INTO `category` VALUES ('5', '手机数码', '0');
INSERT INTO `category` VALUES ('6', '家电办公', '0');
INSERT INTO `category` VALUES ('7', '护肤彩妆', '0');

-- ----------------------------
-- Table structure for `comment`
-- ----------------------------
DROP TABLE IF EXISTS `comment`;
CREATE TABLE `comment` (
  `comid` int(11) NOT NULL auto_increment,
  `content` varchar(255) default NULL,
  `created` datetime default NULL,
  `pid` int(11) default NULL,
  `uid` int(11) default NULL,
  `state` int(11) default NULL,
  PRIMARY KEY  (`comid`)
) ENGINE=InnoDB DEFAULT CHARSET=utf8;

-- ----------------------------
-- Records of comment
-- ----------------------------
INSERT INTO `comment` VALUES ('1', '质量很好', '2018-03-11 13:51:17', '51', '7', '0');
INSERT INTO `comment` VALUES ('2', '质量不错，很喜欢', '2018-03-11 16:37:39', '72', '7', '0');
INSERT INTO `comment` VALUES ('3', '终于买到自己喜欢的鞋', '2018-03-11 16:38:10', '72', '7', '0');
INSERT INTO `comment` VALUES ('5', '1', '2018-06-04 10:21:30', '1', '7', '0');

-- ----------------------------
-- Table structure for `orderitem`
-- ----------------------------
DROP TABLE IF EXISTS `orderitem`;
CREATE TABLE `orderitem` (
  `itemid` int(11) NOT NULL auto_increment,
  `count` int(11) default NULL,
  `subtotal` double default NULL,
  `pid` int(11) default NULL,
  `oid` int(11) default NULL,
  PRIMARY KEY  (`itemid`),
  KEY `FKE8B2AB6166C01961` (`oid`),
  KEY `FKE8B2AB6171DB7AE4` (`pid`),
  KEY `FKE8B2AB6140ACF87A` (`oid`),
  CONSTRAINT `FKE8B2AB6140ACF87A` FOREIGN KEY (`oid`) REFERENCES `orders` (`oid`),
  CONSTRAINT `FKE8B2AB6171DB7AE4` FOREIGN KEY (`pid`) REFERENCES `product` (`pid`)
) ENGINE=InnoDB DEFAULT CHARSET=utf8;

-- ----------------------------
-- Records of orderitem
-- ----------------------------
INSERT INTO `orderitem` VALUES ('2', '1', '198', '73', '2000');
INSERT INTO `orderitem` VALUES ('3', '1', '172', '2', '2000');
INSERT INTO `orderitem` VALUES ('4', '1', '358', '51', '3000');
INSERT INTO `orderitem` VALUES ('5', '1', '590', '7', '4000');
INSERT INTO `orderitem` VALUES ('6', '1', '172', '2', '5000');
INSERT INTO `orderitem` VALUES ('7', '1', '228', '1', '5000');
INSERT INTO `orderitem` VALUES ('8', '1', '119', '5', '5000');
INSERT INTO `orderitem` VALUES ('9', '1', '125', '75', '6000');
INSERT INTO `orderitem` VALUES ('10', '1', '83', '72', '7000');
INSERT INTO `orderitem` VALUES ('11', '1', '358', '51', '8000');
INSERT INTO `orderitem` VALUES ('12', '1', '83', '68', '9000');
INSERT INTO `orderitem` VALUES ('13', '1', '83', '66', '9001');
INSERT INTO `orderitem` VALUES ('14', '1', '172', '2', '9001');
INSERT INTO `orderitem` VALUES ('15', '1', '228', '1', '9002');
INSERT INTO `orderitem` VALUES ('16', '1', '5099', '79', '9003');
INSERT INTO `orderitem` VALUES ('17', '1', '39', '176', '9004');
INSERT INTO `orderitem` VALUES ('18', '1', '39', '172', '9004');
INSERT INTO `orderitem` VALUES ('19', '1', '39', '176', '9005');
INSERT INTO `orderitem` VALUES ('20', '1', '39', '172', '9005');
INSERT INTO `orderitem` VALUES ('21', '2', '518', '53', '9006');
INSERT INTO `orderitem` VALUES ('22', '1', '4500', '14', '9007');
INSERT INTO `orderitem` VALUES ('23', '1', '39', '172', '9008');
INSERT INTO `orderitem` VALUES ('24', '3', '117', '174', '9009');
INSERT INTO `orderitem` VALUES ('25', '2', '380', '167', '9010');
INSERT INTO `orderitem` VALUES ('26', '2', '78', '174', '9011');
INSERT INTO `orderitem` VALUES ('27', '1', '39', '174', '9012');

-- ----------------------------
-- Table structure for `orders`
-- ----------------------------
DROP TABLE IF EXISTS `orders`;
CREATE TABLE `orders` (
  `oid` int(11) NOT NULL auto_increment,
  `total` double default NULL,
  `ordertime` datetime default NULL,
  `state` int(11) default NULL,
  `uid` int(11) default NULL,
  `status` int(11) default NULL,
  `number` varchar(255) default NULL COMMENT '快递单号',
  PRIMARY KEY  (`oid`),
  KEY `FKC3DF62E5AA3D9C7` (`uid`),
  CONSTRAINT `FKC3DF62E5AA3D9C7` FOREIGN KEY (`uid`) REFERENCES `user` (`uid`)
) ENGINE=InnoDB DEFAULT CHARSET=utf8;

-- ----------------------------
-- Records of orders
-- ----------------------------
INSERT INTO `orders` VALUES ('2000', '370', '2015-02-11 10:04:23', '1', '8', '0', '65655342342');
INSERT INTO `orders` VALUES ('3000', '358', '2015-02-11 10:46:41', '3', '7', '0', '65655342342');
INSERT INTO `orders` VALUES ('4000', '590', '2015-02-11 10:46:47', '3', '7', '0', '65655342342');
INSERT INTO `orders` VALUES ('5000', '519', '2015-02-11 10:47:01', '1', '7', '0', '65655342342');
INSERT INTO `orders` VALUES ('6000', '125', '2015-02-11 10:47:07', '3', '7', '0', '78666342342');
INSERT INTO `orders` VALUES ('7000', '83', '2015-02-11 10:47:15', '2', '8', '0', '54535432342');
INSERT INTO `orders` VALUES ('8000', '358', '2015-02-11 11:17:22', '2', '7', '0', '56464442342');
INSERT INTO `orders` VALUES ('9000', '83', '2015-02-11 11:23:26', '2', '7', '0', '23423442342');
INSERT INTO `orders` VALUES ('9001', '255', '2015-02-23 21:31:19', '1', '8', '0', '65655342342');
INSERT INTO `orders` VALUES ('9002', '228', '2015-02-27 09:07:55', '2', '7', '0', '34332342342');
INSERT INTO `orders` VALUES ('9003', '5099', '2015-02-27 15:35:53', '4', '8', '0', '34343453543');
INSERT INTO `orders` VALUES ('9004', '78', '2018-03-10 12:10:26', '0', '7', '0', null);
INSERT INTO `orders` VALUES ('9005', '78', '2018-03-10 12:15:05', '0', '7', '0', null);
INSERT INTO `orders` VALUES ('9006', '518', '2018-03-10 12:19:15', '0', '7', '0', null);
INSERT INTO `orders` VALUES ('9007', '4500', '2018-03-10 12:20:30', '1', '7', '0', null);
INSERT INTO `orders` VALUES ('9008', '39', '2018-03-10 12:23:01', '0', '7', '0', null);
INSERT INTO `orders` VALUES ('9009', '117', '2018-03-11 14:53:20', '0', '7', '0', null);
INSERT INTO `orders` VALUES ('9010', '380', '2018-03-12 09:57:21', '1', '7', '0', null);
INSERT INTO `orders` VALUES ('9011', '78', '2018-03-12 14:30:36', '1', '7', '0', null);
INSERT INTO `orders` VALUES ('9012', '39', '2018-03-12 14:32:04', '1', '7', '0', null);

-- ----------------------------
-- Table structure for `product`
-- ----------------------------
DROP TABLE IF EXISTS `product`;
CREATE TABLE `product` (
  `pid` int(11) NOT NULL auto_increment,
  `pname` varchar(255) default NULL,
  `new_price` double default NULL,
  `old_price` double default NULL,
  `image` varchar(255) default NULL,
  `pdesc` longtext,
  `is_hot` int(11) default NULL,
  `pdate` datetime default NULL,
  `cid` int(11) default NULL,
  `state` int(11) default NULL,
  `total` int(11) default NULL COMMENT '库存',
  `volume` int(11) default NULL COMMENT '销量',
  `is_Pic` int(11) default NULL,
  `tcid` int(11) default NULL,
  PRIMARY KEY  (`pid`),
  KEY `FKED8DCCEFB9B74E02` (`cid`)
) ENGINE=InnoDB DEFAULT CHARSET=utf8;

-- ----------------------------
-- Records of product
-- ----------------------------
INSERT INTO `product` VALUES ('1', '韩版连帽加厚毛衣女外套', '208', '228', 'eb7ab32a032944c1a431f3f8486a0e9e.png,f183487c00c341a8acbd4f699e5caf3d.png,383ede7a3a5a490db8623ecc7d70fad9.png', '双11限量200件，拍完下架，加车享优惠，早下手早发货。。秋冬个性中长款毛衣，美丽和温度同在！限量供应，拒绝撞衫！迫于纱线和人工在不断上涨的双重压力下，产品涨价在即！少量现货出售中，手快有，手慢等哦，赶紧抢哦，绝对高大上。', '1', '2014-11-02 20:18:00', '1', '0', '12', '45', '1', '1');
INSERT INTO `product` VALUES ('2', '女装立领长袖拼接PU皮毛呢外套', '136', '172', '4118c4231b7f49dfad6f61dec45724aa.png,ec35d8d6ad904a8b94e57ea8177ebea7.png,714b34936bb7440294257ba1ffde3a3c.png', '【现在拍下并支付定金，即可获得双12当天10元无门槛优惠券一张。注：只限有预付定金款~优惠券统一在12月11号发放】 毛呢外套 整洁干练的长款版型 整个肩部给予皮绒拼接 与毛呢一起撑起品质感 立领 长袖 肩部往下做流行加层拼接 一粒扣收合门襟 特意做的夹棉里层（袖里无） 不必再畏惧冷冽寒风', '0', '2014-11-04 20:18:00', '1', '0', '45', '45', '1', '1');
INSERT INTO `product` VALUES ('3', '韩版女装翻领羔绒夹棉格子毛呢外套', '98', '119', '89060e3cd844415b977267ec0f0fbea5.png,d7b4675a7a1c4c63b96f0546ef8a7f6c.png,72e544d11cef40f1bcc45cfbc77d5ca0.png', '外套款。 称为棉衣也不为过 或者因为它的表层毛呢　称呼为毛呢外套 ｙａｎｇ　羔绒位于翻领及袖口 从视觉着手　带来温暖无限 夹棉里衬（袖里也有）再次提升御寒功能 流行元素上　选择红黑格纹理　大气而又经典 金属拉链开叉　插袋自不会少', '0', '2014-10-01 20:18:00', '1', '0', '45', '15', '1', '13');
INSERT INTO `product` VALUES ('4', 'Dell机箱', '98', '119', 'f01f1a2cb12d4a36a74bcff06f54e475.jpg', 'Dell机箱\r\n证书编号：2015010901785785证书状态：有效申请人名称：戴尔(中国)有限公司制造商名称：戴尔(中国)有限公司产品名称：微型计算机3C产品型号：1）D19M，D19M…，Inspiron 3656XXXXXXXX；2）D19M，D19M…，I', '0', '2014-12-07 20:18:00', '5', '0', '75', '65', '0', '13');
INSERT INTO `product` VALUES ('5', '韩版女装翻领羔绒夹棉格子毛呢外套', '98', '119', '24b4aeebb41544f2867b2f83fa3e2dd5.png,5a1c670e00ff4c9e882871ec05c281c8.png', '外套款。 称为棉衣也不为过 或者因为它的表层毛呢　称呼为毛呢外套 ｙａｎｇ　羔绒位于翻领及袖口 从视觉着手　带来温暖无限 夹棉里衬（袖里也有）再次提升御寒功能 流行元素上　选择红黑格纹理　大气而又经典 金属拉链开叉　插袋自不会少', '0', '2014-11-02 20:18:00', '1', '0', '75', '654', '0', '2');
INSERT INTO `product` VALUES ('6', '冬装韩版女装翻领羔绒夹棉格子毛呢外套', '99', '119', 'ff109e829fdf4e2c8f971921a35f17dd.png,304949895464459c9758c576cf7a3e51.png', '外套款。 称为棉衣也不为过 或者因为它的表层毛呢　称呼为毛呢外套 ｙａｎｇ　羔绒位于翻领及袖口 从视觉着手　带来温暖无限 夹棉里衬（袖里也有）再次提升御寒功能 流行元素上　选择红黑格纹理　大气而又经典 金属拉链开叉　插袋自不会少', '0', '2014-11-10 15:18:00', '1', '0', '75', '741', '0', '13');
INSERT INTO `product` VALUES ('7', '新款优雅奢华毛领白鸭绒轻薄羽绒服', '320', '590', '0a40ecf7df34429783ff48b999283f13.jpg,c1f8df864b254b14959f1cac597d822b.jpg', '秋冬热卖款，今日特惠！库存有限，卖完即止！喜欢的赶紧出手哦！', '0', '2014-11-03 20:18:00', '1', '0', '7', '1', '0', '2');
INSERT INTO `product` VALUES ('8', '秋冬季毛呢外套女中长款圆领小香风呢子大衣', '312', '336', 'c74ee010475c4edfb7b2faf7cb38b619.png', '【双12预售】双12提前开抢，11月24日—12月11日抢先付预付款33.6元，12月12日付剩余尾款，先付先发货，提前引爆双12！！！买就【送】双十二10元无门槛优惠券！！！商家【赠】运费险！！！', '0', '2014-11-03 20:18:00', '1', '0', '14', '551', '0', '14');
INSERT INTO `product` VALUES ('9', '女装貉子毛大衣 时尚修身长袖淑女毛呢外套', '108', '119', 'b35ba65d37f84ecf843a47cffd9ea3c3.jpg', '秋冬热卖款，今日特惠！库存有限，卖完即止！喜欢的赶紧出手哦！', '0', '2014-11-03 20:18:00', '1', '0', '26', '21', '0', '2');
INSERT INTO `product` VALUES ('10', '华为 Ascend Mate7', '2199', '2599', 'products/1/c_0010.jpg', '华为 Ascend Mate7 月光银 移动4G手机 双卡双待双通6英寸高清大屏，纤薄机身，智能超八核，按压式指纹识别！!选择下方“移动老用户4G飞享合约”，无需换号，还有话费每月返还！', '1', '2014-11-03 20:18:00', '5', '0', '214', '65', '0', '14');
INSERT INTO `product` VALUES ('11', 'vivo X5Pro', '2099', '2298', 'products/1/c_0014.jpg', '移动联通双4G手机 3G运存版 极光白【购机送蓝牙耳机+蓝牙自拍杆】新升级3G运行内存·双2.5D弧面玻璃·眼球识别技术', '1', '2014-11-03 20:18:00', '5', '0', '254', '52', '0', '14');
INSERT INTO `product` VALUES ('12', '整貂皮大衣外套中长款收腰立领长袖进口真皮草裘皮', '9800', '9900', 'products/1/cs20002.jpg', '采用100%进口小母貂 毛皮结实柔软毛峰更有光泽 保暖效果极强。　 【正品保证】我们承诺100%整皮水貂 假一罚十 支持验货 无理由退换货 【售后保障】终身免费保养维修', '0', '2014-11-03 20:18:00', '1', '0', '45', '21', '0', '1');
INSERT INTO `product` VALUES ('13', '整貂皮大衣', '2873', '9900', 'products/1/cs20003.jpg', '采用100%进口小母貂 毛皮结实柔软毛峰更有光泽 保暖效果极强。　 【正品保证】我们承诺100%整皮水貂 假一罚十 支持验货 无理由退换货 【售后保障】终身免费保养维修', '0', '2014-11-03 20:18:00', '1', '0', '24', '21', '0', '14');
INSERT INTO `product` VALUES ('14', '女包', '4500', '9900', 'b6ccd237aab347b799ae2479eaa80eca.jpg,eb2a063d53cd4a558fa1cf93192bbfbd.jpg', '黑色、棕色  女包 小巧', '0', '2014-11-03 20:18:00', '2', '0', '24', '3335', '0', '45');
INSERT INTO `product` VALUES ('15', '整貂皮大衣外套中长款收腰立领长袖进口真皮草裘皮', '7600', '9900', 'products/1/cs20005.jpg', '采用100%进口小母貂 毛皮结实柔软毛峰更有光泽 保暖效果极强。　 【正品保证】我们承诺100%整皮水貂 假一罚十 支持验货 无理由退换货 【售后保障】终身免费保养维修', '0', '2014-11-03 20:18:00', '1', '0', '54', '599', '0', '45');
INSERT INTO `product` VALUES ('16', '白色进口真皮草裘皮', '8900', '9900', 'products/1/cs20006.jpg', '采用100%进口小母貂 毛皮结实柔软毛峰更有光泽 保暖效果极强。　 【正品保证】我们承诺100%整皮水貂 假一罚十 支持验货 无理由退换货 【售后保障】终身免费保养维修', '0', '2014-11-03 20:18:00', '1', '0', '54', '14', '0', '13');
INSERT INTO `product` VALUES ('17', '机车皮夹克', '7900', '9900', 'products/1/cs20007.jpg', '采用100%进口小母貂 毛皮结实柔软毛峰更有光泽 保暖效果极强。　 【正品保证】我们承诺100%整皮水貂 假一罚十 支持验货 无理由退换货 【售后保障】终身免费保养维修', '0', '2014-11-03 20:18:00', '1', '0', '59', '448', '0', '1');
INSERT INTO `product` VALUES ('18', '蓝绿色拼接进口真皮草裘皮', '3400', '9900', 'products/1/cs20008.jpg', '采用100%进口小母貂 毛皮结实柔软毛峰更有光泽 保暖效果极强。　 【正品保证】我们承诺100%整皮水貂 假一罚十 支持验货 无理由退换货 【售后保障】终身免费保养维修', '0', '2014-11-03 20:18:00', '1', '0', '98', '44', '0', '45');
INSERT INTO `product` VALUES ('19', '粉色中袖进口真皮草裘皮', '8700', '9900', 'products/1/cs20009.jpg', '采用100%进口小母貂 毛皮结实柔软毛峰更有光泽 保暖效果极强。　 【正品保证】我们承诺100%整皮水貂 假一罚十 支持验货 无理由退换货 【售后保障】终身免费保养维修', '0', '2014-10-01 20:18:00', '1', '0', '78', '15', '0', '45');
INSERT INTO `product` VALUES ('20', '绿色中长款貂皮大衣整貂女装', '3100', '7290', 'products/1/cs20010.jpg', '采用100%进口小母貂 毛皮结实柔软毛峰更有光泽 保暖效果极强。　 【正品保证】【售后保障】我们承诺100%整皮水貂 假一罚十 支持验货 无理由退换货', '0', '2014-11-03 20:18:00', '1', '0', '25', '1512', '0', '45');
INSERT INTO `product` VALUES ('21', '格纹毛呢外套女韩范秋冬装厚中长款冬季呢子', '108', '198', 'products/1/cs30001.png', '今年韩国首尔爆款，超高端定制羊毛呢大衣，版型超美，不挑身材，不挑年龄，上身非常漂亮哦，适合任何场合，这个秋冬MM必备款哦。几乎人手一件，美丽时尚的你怎么能少了这件呢，现秋冬预热加十一到来，只需99元包邮，只限今天，今天过后马上涨价，早买早划算哦~', '1', '2014-11-03 20:18:00', '1', '0', '63', '25', '0', '2');
INSERT INTO `product` VALUES ('22', '黄色宽松毛呢外套女韩范秋冬装厚中长款冬季呢子', '98', '198', 'products/1/cs30002.png', '今年韩国首尔爆款，超高端定制羊毛呢大衣，版型超美，不挑身材，不挑年龄，上身非常漂亮哦，适合任何场合，这个秋冬MM必备款哦。几乎人手一件，美丽时尚的你怎么能少了这件呢，现秋冬预热加十一到来，只需99元包邮，只限今天，今天过后马上涨价，早买早划算哦~', '0', '2014-11-03 20:18:00', '1', '0', '63', '2', '0', '4');
INSERT INTO `product` VALUES ('23', '绿色中袖毛呢外套', '110', '198', 'products/1/cs30003.png', '今年韩国首尔爆款，超高端定制羊毛呢大衣，版型超美，不挑身材，不挑年龄，上身非常漂亮哦，适合任何场合，这个秋冬MM必备款哦。几乎人手一件，美丽时尚的你怎么能少了这件呢，现秋冬预热加十一到来，只需99元包邮，只限今天，今天过后马上涨价，早买早划算哦~', '0', '2014-11-03 20:18:00', '1', '0', '678', '3', '0', '2');
INSERT INTO `product` VALUES ('24', '棕色粗呢毛呢外套女', '128', '198', 'products/1/cs30004.png', '今年韩国首尔爆款，超高端定制羊毛呢大衣，版型超美，不挑身材，不挑年龄，上身非常漂亮哦，适合任何场合，这个秋冬MM必备款哦。几乎人手一件，美丽时尚的你怎么能少了这件呢，现秋冬预热加十一到来，只需99元包邮，只限今天，今天过后马上涨价，早买早划算哦~', '0', '2014-11-03 20:18:00', '1', '0', '95', '21', '0', '1');
INSERT INTO `product` VALUES ('25', '淡黄色秋冬装厚中长款冬季呢子女', '138', '198', 'products/1/cs30005.png', '今年韩国首尔爆款，超高端定制羊毛呢大衣，版型超美，不挑身材，不挑年龄，上身非常漂亮哦，适合任何场合，这个秋冬MM必备款哦。几乎人手一件，美丽时尚的你怎么能少了这件呢，现秋冬预热加十一到来，只需99元包邮，只限今天，今天过后马上涨价，早买早划算哦~', '0', '2014-11-03 20:18:00', '1', '0', '542', '245', '0', '6');
INSERT INTO `product` VALUES ('26', '枚红色中袖秋冬装厚中长款冬季呢子女', '148', '198', 'products/1/cs30006.png', '今年韩国首尔爆款，超高端定制羊毛呢大衣，版型超美，不挑身材，不挑年龄，上身非常漂亮哦，适合任何场合，这个秋冬MM必备款哦。几乎人手一件，美丽时尚的你怎么能少了这件呢，现秋冬预热加十一到来，只需99元包邮，只限今天，今天过后马上涨价，早买早划算哦~', '0', '2014-11-03 20:18:00', '1', '0', '54', '2', '0', '2');
INSERT INTO `product` VALUES ('27', '粉色ALine中袖冬季呢子女', '158', '198', 'products/1/cs30007.png', '今年韩国首尔爆款，超高端定制羊毛呢大衣，版型超美，不挑身材，不挑年龄，上身非常漂亮哦，适合任何场合，这个秋冬MM必备款哦。几乎人手一件，美丽时尚的你怎么能少了这件呢，现秋冬预热加十一到来，只需99元包邮，只限今天，今天过后马上涨价，早买早划算哦~', '0', '2014-11-03 20:18:00', '1', '0', '56', '5', '0', '6');
INSERT INTO `product` VALUES ('28', '燕麦色秋冬装厚中长款冬季呢子女', '168', '198', 'products/1/cs30008.png', '今年韩国首尔爆款，超高端定制羊毛呢大衣，版型超美，不挑身材，不挑年龄，上身非常漂亮哦，适合任何场合，这个秋冬MM必备款哦。几乎人手一件，美丽时尚的你怎么能少了这件呢，现秋冬预热加十一到来，只需99元包邮，只限今天，今天过后马上涨价，早买早划算哦~', '0', '2014-11-03 20:18:00', '1', '0', '96', '2', '0', '2');
INSERT INTO `product` VALUES ('29', '裸粉色韩版毛呢外套女韩范秋冬装', '178', '198', 'products/1/cs30009.png', '今年韩国首尔爆款，超高端定制羊毛呢大衣，版型超美，不挑身材，不挑年龄，上身非常漂亮哦，适合任何场合，这个秋冬MM必备款哦。几乎人手一件，美丽时尚的你怎么能少了这件呢，现秋冬预热加十一到来，只需99元包邮，只限今天，今天过后马上涨价，早买早划算哦~', '0', '2014-11-03 20:18:00', '1', '0', '968', '2', '0', '5');
INSERT INTO `product` VALUES ('30', '黑灰色阔版毛呢外套女', '118', '198', 'products/1/cs30010.png', '今年韩国首尔爆款，超高端定制羊毛呢大衣，版型超美，不挑身材，不挑年龄，上身非常漂亮哦，适合任何场合，这个秋冬MM必备款哦。几乎人手一件，美丽时尚的你怎么能少了这件呢，现秋冬预热加十一到来，只需99元包邮，只限今天，今天过后马上涨价，早买早划算哦~', '0', '2014-11-10 20:18:00', '1', '0', '545', '65', '0', '25');
INSERT INTO `product` VALUES ('31', '棕黄色打底衫加厚修身羊毛衫女装羊绒衫', '157', '186', 'products/1/cs40001.png', '本产品 不起球 不掉色 不缩水 是一款贴身必备的厚款羊绒衫 质量保证支持退换', '0', '2014-11-03 20:18:00', '1', '0', '55', '64', '0', '7');
INSERT INTO `product` VALUES ('32', '粉紫色羊毛打底衫长袖连衣裙', '147', '186', 'products/1/cs40002.png', '本产品 不起球 不掉色 不缩水 是一款贴身必备的厚款羊绒衫 质量保证支持退换', '0', '2014-11-03 20:18:00', '1', '0', '66', '51', '0', '26');
INSERT INTO `product` VALUES ('33', '黑白条纹打底衫加厚修身羊毛衫女', '126', '186', 'products/1/cs40003.png', '本产品 不起球 不掉色 不缩水 是一款贴身必备的厚款羊绒衫 质量保证支持退换', '0', '2014-11-03 20:18:00', '1', '0', '98', '5', '0', '5');
INSERT INTO `product` VALUES ('35', '格纹打底衫加厚修身羊毛衫女装羊绒衫女', '120', '186', 'products/1/cs40005.png', '本产品 不起球 不掉色 不缩水 是一款贴身必备的厚款羊绒衫 质量保证支持退换', '1', '2014-11-03 20:18:00', '1', '0', '75', '4', '0', '8');
INSERT INTO `product` VALUES ('36', '混色羊毛衫女装羊绒衫女', '119', '186', 'products/1/cs40006.png', '本产品 不起球 不掉色 不缩水 是一款贴身必备的厚款羊绒衫 质量保证支持退换', '0', '2014-11-03 20:18:00', '1', '0', '545', '52', '0', '25');
INSERT INTO `product` VALUES ('37', '韩版黑色中长款毛衣外套女', '156', '186', 'products/1/cs40007.png', '本产品 不起球 不掉色 不缩水 是一款贴身必备的厚款羊绒衫 质量保证支持退换', '0', '2014-11-03 20:18:00', '1', '0', '145', '54', '0', '9');
INSERT INTO `product` VALUES ('38', '白色短款毛衣外套女', '152', '186', 'products/1/cs40008.png', '本产品 不起球 不掉色 不缩水 是一款贴身必备的厚款羊绒衫 质量保证支持退换', '0', '2014-11-03 20:18:00', '1', '0', '475', '52', '0', '25');
INSERT INTO `product` VALUES ('39', '韩版黑色花纹长款毛衣外套女', '142', '186', 'products/1/cs40009.png', '本产品 不起球 不掉色 不缩水 是一款贴身必备的厚款羊绒衫 质量保证支持退换', '0', '2014-11-03 20:18:00', '1', '0', '85', '55', '0', '7');
INSERT INTO `product` VALUES ('40', '灰色贴身打底衫加厚修身女', '146', '186', 'products/1/cs40010.png', '本产品 不起球 不掉色 不缩水 是一款贴身必备的厚款羊绒衫 质量保证支持退换', '0', '2014-11-03 20:18:00', '1', '0', '96', '55', '0', '64');
INSERT INTO `product` VALUES ('41', '蓝色中长款宽松羊毛衫女装羊绒衫女', '156', '186', 'products/1/cs40011.png', '本产品 不起球 不掉色 不缩水 是一款贴身必备的厚款羊绒衫 质量保证支持退换', '1', '2014-11-03 20:18:00', '1', '0', '785', '57', '0', '10');
INSERT INTO `product` VALUES ('42', '酒红色粗线编织毛衣男装', '152', '358', 'products/1/cs50001.png', '【型男卖点简介】该款凭借其独特的设计、精选的面料和一致的时尚理念，以质感都市，充满时尚感的设计风格， 简约毛呢大衣，修身不变形，不起球，国际大牌一样的面料！面料成分：77.8%聚酯纤维+22.2%粘纤 秋冬简约修身防静电呢风衣外套', '1', '2014-11-03 20:18:00', '1', '0', '585', '5', '0', '10');
INSERT INTO `product` VALUES ('43', '黑色帽衫春秋款男装潮牌上衣', '142', '358', 'products/1/cs50002.png', '【型男卖点简介】该款凭借其独特的设计、精选的面料和一致的时尚理念，以质感都市，充满时尚感的设计风格， 简约毛呢大衣，修身不变形，不起球，国际大牌一样的面料！面料成分：77.8%聚酯纤维+22.2%粘纤 秋冬简约修身防静电呢风衣外套', '0', '2014-11-03 20:18:00', '1', '0', '415', '53', '0', '64');
INSERT INTO `product` VALUES ('44', '棕色夹克春秋款男装潮牌上衣', '119', '358', 'products/1/cs50003.png', '【型男卖点简介】该款凭借其独特的设计、精选的面料和一致的时尚理念，以质感都市，充满时尚感的设计风格， 简约毛呢大衣，修身不变形，不起球，国际大牌一样的面料！面料成分：77.8%聚酯纤维+22.2%粘纤 秋冬简约修身防静电呢风衣外套', '1', '2014-11-03 20:18:00', '1', '0', '896', '56', '0', '64');
INSERT INTO `product` VALUES ('45', '橙色贴身针织衫男装', '147', '358', 'products/1/cs50004.png', '【型男卖点简介】该款凭借其独特的设计、精选的面料和一致的时尚理念，以质感都市，充满时尚感的设计风格， 简约毛呢大衣，修身不变形，不起球，国际大牌一样的面料！面料成分：77.8%聚酯纤维+22.2%粘纤 秋冬简约修身防静电呢风衣外套', '0', '2014-12-07 20:18:00', '1', '0', '965', '56', '0', '1');
INSERT INTO `product` VALUES ('46', '蓝灰条纹贴身针织衫男装', '125', '358', 'products/1/cs50005.png', '【型男卖点简介】该款凭借其独特的设计、精选的面料和一致的时尚理念，以质感都市，充满时尚感的设计风格， 简约毛呢大衣，修身不变形，不起球，国际大牌一样的面料！面料成分：77.8%聚酯纤维+22.2%粘纤 秋冬简约修身防静电呢风衣外套', '0', '2014-11-03 20:18:00', '1', '0', '854', '51', '0', '64');
INSERT INTO `product` VALUES ('47', '蓝色衬衣男装', '129', '358', 'products/1/cs50006.png', '【型男卖点简介】该款凭借其独特的设计、精选的面料和一致的时尚理念，以质感都市，充满时尚感的设计风格， 简约毛呢大衣，修身不变形，不起球，国际大牌一样的面料！面料成分：77.8%聚酯纤维+22.2%粘纤 秋冬简约修身防静电呢风衣外套', '1', '2014-11-03 20:18:00', '1', '0', '896', '50', '0', '1');
INSERT INTO `product` VALUES ('48', '黑色棉衣立领修身商务男装', '225', '358', 'products/1/cs50007.png', '【型男卖点简介】该款凭借其独特的设计、精选的面料和一致的时尚理念，以质感都市，充满时尚感的设计风格， 简约毛呢大衣，修身不变形，不起球，国际大牌一样的面料！面料成分：77.8%聚酯纤维+22.2%粘纤 秋冬简约修身防静电呢风衣外套', '0', '2014-11-03 20:18:00', '1', '0', '548', '80', '0', '64');
INSERT INTO `product` VALUES ('49', '格纹修身西装商务男装', '269', '358', 'products/1/cs50008.png', '【型男卖点简介】该款凭借其独特的设计、精选的面料和一致的时尚理念，以质感都市，充满时尚感的设计风格， 简约毛呢大衣，修身不变形，不起球，国际大牌一样的面料！面料成分：77.8%聚酯纤维+22.2%粘纤 秋冬简约修身防静电呢风衣外套', '0', '2014-11-03 20:18:00', '1', '0', '545', '10', '0', '1');
INSERT INTO `product` VALUES ('50', '橘红色毛衣宽松男装', '309', '358', 'products/1/cs50009.png', '【型男卖点简介】该款凭借其独特的设计、精选的面料和一致的时尚理念，以质感都市，充满时尚感的设计风格， 简约毛呢大衣，修身不变形，不起球，国际大牌一样的面料！面料成分：77.8%聚酯纤维+22.2%粘纤 秋冬简约修身防静电呢风衣外套', '0', '2014-11-03 20:18:00', '1', '0', '548', '1', '0', '1');
INSERT INTO `product` VALUES ('51', '混色夹克男装潮牌上衣', '312', '358', 'products/1/cs50010.png', '【型男卖点简介】该款凭借其独特的设计、精选的面料和一致的时尚理念，以质感都市，充满时尚感的设计风格， 简约毛呢大衣，修身不变形，不起球，国际大牌一样的面料！面料成分：77.8%聚酯纤维+22.2%粘纤 秋冬简约修身防静电呢风衣外套', '1', '2014-12-07 20:18:00', '1', '0', '568', '2', '0', '1');
INSERT INTO `product` VALUES ('52', '藏蓝色卫衣帽衫男装', '249', '299', 'products/1/cs60001.png', '冬装新品首发！大牌做工，顶级羊毛呢面料，穿着舒适保暖，冬季潮男必备品！新品预售价299元，预计涨到398！不要拿市场上那些低劣的毛呢大衣相比较，一分价钱一分货哦！买到就是赚到，支持7天无理由退换货，尺码不对，可享受免费换货！', '0', '2014-11-03 20:18:00', '1', '0', '548', '2', '0', null);
INSERT INTO `product` VALUES ('53', '黑色夹克修身男装', '259', '299', 'products/1/cs60002.png', '冬装新品首发！大牌做工，顶级羊毛呢面料，穿着舒适保暖，冬季潮男必备品！新品预售价299元，预计涨到398！不要拿市场上那些低劣的毛呢大衣相比较，一分价钱一分货哦！买到就是赚到，支持7天无理由退换货，尺码不对，可享受免费换货！', '1', '2014-11-03 20:18:00', '1', '0', '976', '25', '0', null);
INSERT INTO `product` VALUES ('54', '黑灰色帽衫男装', '209', '299', 'products/1/cs60003.png', '冬装新品首发！大牌做工，顶级羊毛呢面料，穿着舒适保暖，冬季潮男必备品！新品预售价299元，预计涨到398！不要拿市场上那些低劣的毛呢大衣相比较，一分价钱一分货哦！买到就是赚到，支持7天无理由退换货，尺码不对，可享受免费换货！', '0', '2014-11-03 20:18:00', '1', '0', '75', '25', '0', null);
INSERT INTO `product` VALUES ('55', '红黑灰色帽衫男装', '216', '299', 'products/1/cs60004.png', '冬装新品首发！大牌做工，顶级羊毛呢面料，穿着舒适保暖，冬季潮男必备品！新品预售价299元，预计涨到398！不要拿市场上那些低劣的毛呢大衣相比较，一分价钱一分货哦！买到就是赚到，支持7天无理由退换货，尺码不对，可享受免费换货！', '0', '2014-11-03 20:18:00', '1', '0', '64', '2', '0', null);
INSERT INTO `product` VALUES ('56', '深灰色帽衫男装', '231', '299', 'products/1/cs60005.png', '冬装新品首发！大牌做工，顶级羊毛呢面料，穿着舒适保暖，冬季潮男必备品！新品预售价299元，预计涨到398！不要拿市场上那些低劣的毛呢大衣相比较，一分价钱一分货哦！买到就是赚到，支持7天无理由退换货，尺码不对，可享受免费换货！', '0', '2014-11-03 20:18:00', '1', '0', '61', '5', '0', null);
INSERT INTO `product` VALUES ('57', '蓝色帽衫男装', '312', '299', 'products/1/cs60006.png', '冬装新品首发！大牌做工，顶级羊毛呢面料，穿着舒适保暖，冬季潮男必备品！新品预售价299元，预计涨到398！不要拿市场上那些低劣的毛呢大衣相比较，一分价钱一分货哦！买到就是赚到，支持7天无理由退换货，尺码不对，可享受免费换货！', '1', '2014-12-07 22:18:00', '1', '0', '67', '2', '0', null);
INSERT INTO `product` VALUES ('58', '商务修身羊毛呢带帽大衣外套', '216', '299', 'products/1/cs60007.png', '冬装新品首发！大牌做工，顶级羊毛呢面料，穿着舒适保暖，冬季潮男必备品！新品预售价299元，预计涨到398！不要拿市场上那些低劣的毛呢大衣相比较，一分价钱一分货哦！买到就是赚到，支持7天无理由退换货，尺码不对，可享受免费换货！', '0', '2014-11-03 20:18:00', '1', '0', '68', '2', '0', null);
INSERT INTO `product` VALUES ('59', '牛仔夹克男装', '245', '299', 'products/1/cs60008.png', '冬装新品首发！大牌做工，顶级羊毛呢面料，穿着舒适保暖，冬季潮男必备品！新品预售价299元，预计涨到398！不要拿市场上那些低劣的毛呢大衣相比较，一分价钱一分货哦！买到就是赚到，支持7天无理由退换货，尺码不对，可享受免费换货！', '0', '2014-11-03 20:18:00', '1', '0', '542', '55', '0', null);
INSERT INTO `product` VALUES ('60', '黑色帽衫男装', '219', '299', 'products/1/cs60009.png', '冬装新品首发！大牌做工，顶级羊毛呢面料，穿着舒适保暖，冬季潮男必备品！新品预售价299元，预计涨到398！不要拿市场上那些低劣的毛呢大衣相比较，一分价钱一分货哦！买到就是赚到，支持7天无理由退换货，尺码不对，可享受免费换货！', '1', '2014-12-02 20:18:00', '1', '0', '694', '65', '0', null);
INSERT INTO `product` VALUES ('61', '藏蓝色卫衣帽衫男装', '239', '299', 'products/1/cs60010.png', '冬装新品首发！大牌做工，顶级羊毛呢面料，穿着舒适保暖，冬季潮男必备品！新品预售价299元，预计涨到398！不要拿市场上那些低劣的毛呢大衣相比较，一分价钱一分货哦！买到就是赚到，支持7天无理由退换货，尺码不对，可享受免费换货！', '0', '2014-11-03 20:18:00', '1', '0', '321', '25', '0', null);
INSERT INTO `product` VALUES ('62', '韩版修身羽绒服薄款男装', '198', '283', 'products/1/cs70001.png', '羽绒棉服，保暖性比普通棉服高出3倍，价格合适，比羽绒服便宜3倍，超高性价比～～现亏本冲业绩，活动过后涨价为198元哦，亲们速抢～～！！', '1', '2014-11-03 20:18:00', '1', '0', '212', '63', '0', null);
INSERT INTO `product` VALUES ('63', '浅灰色韩版修身羽绒服加厚保暖可脱卸帽男', '198', '393', 'products/1/cs70002.png', '羽绒棉服，保暖性比普通棉服高出3倍，价格合适，比羽绒服便宜3倍，超高性价比～～现亏本冲业绩，活动过后涨价为198元哦，亲们速抢～～！！', '1', '2014-11-03 20:18:00', '1', '0', '287', '63', '0', null);
INSERT INTO `product` VALUES ('64', '深灰色修身羽绒服加厚保暖可脱卸帽男', '198', '683', 'products/1/cs70003.png', '羽绒棉服，保暖性比普通棉服高出3倍，价格合适，比羽绒服便宜3倍，超高性价比～～现亏本冲业绩，活动过后涨价为198元哦，亲们速抢～～！！', '0', '2014-11-03 20:18:00', '1', '0', '12', '62', '0', null);
INSERT INTO `product` VALUES ('65', '黑色驼色拼接修身羽绒服加厚保暖可脱卸帽男', '198', '583', 'products/1/cs70004.png', '羽绒棉服，保暖性比普通棉服高出3倍，价格合适，比羽绒服便宜3倍，超高性价比～～现亏本冲业绩，活动过后涨价为198元哦，亲们速抢～～！！', '1', '2014-11-03 20:18:00', '1', '0', '75', '15', '0', null);
INSERT INTO `product` VALUES ('66', '亮蓝色修身羽绒服加厚保暖可脱卸帽男', '198', '489', 'products/1/cs70005.png', '羽绒棉服，保暖性比普通棉服高出3倍，价格合适，比羽绒服便宜3倍，超高性价比～～现亏本冲业绩，活动过后涨价为198元哦，亲们速抢～～！！', '0', '2014-11-03 20:18:00', '1', '0', '48', '23', '0', null);
INSERT INTO `product` VALUES ('67', '棕色修身羽绒服加厚保暖可脱卸帽男', '198', '563', 'products/1/cs70006.png', '羽绒棉服，保暖性比普通棉服高出3倍，价格合适，比羽绒服便宜3倍，超高性价比～～现亏本冲业绩，活动过后涨价为198元哦，亲们速抢～～！！', '1', '2014-11-03 20:18:00', '1', '0', '49', '754', '0', null);
INSERT INTO `product` VALUES ('68', '黑色修身羽绒服加厚保暖带帽男', '198', '654', 'products/1/cs70007.png', '羽绒棉服，保暖性比普通棉服高出3倍，价格合适，比羽绒服便宜3倍，超高性价比～～现亏本冲业绩，活动过后涨价为198元哦，亲们速抢～～！！', '1', '2014-12-04 20:18:00', '1', '0', '43', '784', '0', null);
INSERT INTO `product` VALUES ('69', '棕色毛领羽绒服加厚保暖男', '198', '319', 'products/1/cs70008.png', '羽绒棉服，保暖性比普通棉服高出3倍，价格合适，比羽绒服便宜3倍，超高性价比～～现亏本冲业绩，活动过后涨价为198元哦，亲们速抢～～！！', '1', '2014-11-03 20:18:00', '1', '0', '42', '236', '0', null);
INSERT INTO `product` VALUES ('70', '黑色羽绒服加厚保暖可脱卸帽男', '198', '299', 'products/1/cs70009.png', '羽绒棉服，保暖性比普通棉服高出3倍，价格合适，比羽绒服便宜3倍，超高性价比～～现亏本冲业绩，活动过后涨价为198元哦，亲们速抢～～！！', '0', '2014-11-03 20:18:00', '1', '0', '52', '42', '0', null);
INSERT INTO `product` VALUES ('71', '黑色羽绒服加厚保暖可脱卸帽男', '198', '299', 'products/1/cs70010.png', '羽绒棉服，保暖性比普通棉服高出3倍，价格合适，比羽绒服便宜3倍，超高性价比～～现亏本冲业绩，活动过后涨价为198元哦，亲们速抢～～！！', '1', '2014-11-03 20:18:00', '1', '0', '154', '41', '0', null);
INSERT INTO `product` VALUES ('72', '女士黑色短靴', '198', '289', 'products/1/nvxie.jpg', '韩版女鞋...', '0', '2015-02-10 12:02:54', '2', '0', '145', '2', '0', null);
INSERT INTO `product` VALUES ('73', '女士棕色短靴', '299', '398', 'products/1/duanxue1.png', '女款短靴...', '1', '2015-02-10 15:02:08', '2', '0', '235', '12', '0', null);
INSERT INTO `product` VALUES ('74', '女士黑色短靴雪地靴', '200', '455', 'products/1/duanxue2.png', '女款短靴', '1', '2014-12-15 00:00:00', '2', '0', '523', '15', '0', null);
INSERT INTO `product` VALUES ('75', '女士橙色短靴', '200', '489', 'products/1/duanxue3.png', '女款短靴', '1', '2014-12-15 00:00:00', '2', '0', '17', '16', '0', null);
INSERT INTO `product` VALUES ('76', '女士酒红色短靴', '200', '598', 'products/1/duanxue4.png', '女款短靴', '1', '2014-12-15 00:00:00', '2', '0', '45', '21', '0', null);
INSERT INTO `product` VALUES ('79', 'Thinkpad', '5999', '6799', 'products/dn2.jpg', 'Thinkpad', '1', '2015-02-27 14:56:26', '5', '0', '2', '31', '0', null);
INSERT INTO `product` VALUES ('80', '潮流男鞋', '123', '269', 'd788f39b59df48caaaedc35f7ec5eb10.jpg,b0d7799eb2504800b24fa46abe73e52e.jpg,4053f7521db84b588b12ec69b4b615f0.jpg', '今年流行的男鞋', null, '2014-11-03 20:18:00', '2', '0', '215', '5', '0', null);
INSERT INTO `product` VALUES ('81', '女包新款', '1299', '1599', 'cda29a2db05943f497c3d21703c52f13.jpg,484dec26d1024b05900ea18505136a4d.jpg', '新款女包', null, '2014-11-03 20:18:00', '2', '0', '514', '32', '0', null);
INSERT INTO `product` VALUES ('82', '男士T恤', '99', '119', '124013d4da0348298ea69faa9b8e6083.jpg,e9e34ef80b814745b6bbab582f80dc17.jpg,14a3eb69147f4d06ad97c9b715711b05.jpg', '男士T恤', null, '2014-11-03 20:18:00', '1', '0', '541', '46', '0', null);
INSERT INTO `product` VALUES ('83', '小米 4c 标准版', '1399', '1599', 'products/1/c_0001.jpg', '小米 4c 标准版 全网通 白色 移动联通电信4G手机 双卡双待', '1', '2014-11-03 20:18:00', '5', '0', '84', '44', '0', null);
INSERT INTO `product` VALUES ('84', '华为 Ascend Mate7', '2699', '2799', 'products/1/c_0010.jpg', '华为 Ascend Mate7 月光银 移动4G手机 双卡双待双通6英寸高清大屏，纤薄机身，智能超八核，按压式指纹识别！!选择下方“移动老用户4G飞享合约”，无需换号，还有话费每月返还！', '1', '2014-11-03 20:18:00', '5', '0', '75', '4', '0', null);
INSERT INTO `product` VALUES ('85', 'vivo X5Pro', '2399', '2498', 'products/1/c_0014.jpg', '移动联通双4G手机 3G运存版 极光白【购机送蓝牙耳机+蓝牙自拍杆】新升级3G运行内存·双2.5D弧面玻璃·眼球识别技术', '1', '2014-11-03 20:18:00', '5', '0', '2', '44', '0', null);
INSERT INTO `product` VALUES ('86', '努比亚（nubia）My 布拉格', '1899', '1999', 'products/1/c_0013.jpg', '努比亚（nubia）My 布拉格 银白 移动联通4G手机 双卡双待【嗨11，下单立减100】金属机身，快速充电！布拉格相机全新体验！', '0', '2014-11-03 20:18:00', '5', '0', '215', '4', '0', null);
INSERT INTO `product` VALUES ('87', '华为 麦芒4', '2599', '2999', 'products/1/c_0012.jpg', '华为 麦芒4 晨曦金 全网通版4G手机 双卡双待金属机身 2.5D弧面屏 指纹解锁 光学防抖', '1', '2014-11-03 20:18:00', '5', '0', '34', '41', '0', null);
INSERT INTO `product` VALUES ('88', 'vivo X5M', '1899', '1999', 'products/1/c_0011.jpg', 'vivo X5M 移动4G手机 双卡双待 香槟金【购机送蓝牙耳机+蓝牙自拍杆】5.0英寸大屏显示·八核双卡双待·Hi-Fi移动KTV', '0', '2014-11-03 20:18:00', '5', '0', '57', '55', '0', null);
INSERT INTO `product` VALUES ('89', 'Apple iPhone 6 (A1586)', '4399', '4588', 'products/1/c_0015.jpg', 'Apple iPhone 6 (A1586) 16GB 金色 移动联通电信4G手机长期省才是真的省！点击购机送费版，月月送话费，月月享优惠，畅享4G网络，就在联通4G！', '1', '2014-11-03 20:18:00', '5', '0', '687', '55', '0', null);
INSERT INTO `product` VALUES ('90', '华为 HUAWEI Mate S 臻享版', '4200', '4387', 'products/1/c_0016.jpg', '华为 HUAWEI Mate S 臻享版 手机 极昼金 移动联通双4G(高配)满星评价即返30元话费啦；买就送电源+清水套+创意手机支架；优雅弧屏，mate7升级版', '0', '2014-11-03 20:18:00', '5', '0', '61', '52', '0', null);
INSERT INTO `product` VALUES ('91', '索尼(SONY) E6533 Z3+', '4099', '4999', 'products/1/c_0017.jpg', '索尼(SONY) E6533 Z3+ 双卡双4G手机 防水防尘 涧湖绿索尼z3专业防水 2070万像素 移动联通双4G', '0', '2014-11-03 20:18:00', '5', '0', '72', '25', '0', null);
INSERT INTO `product` VALUES ('92', 'HTC One M9+', '3599', '4499', 'products/1/c_0018.jpg', 'HTC One M9+（M9pw） 金银汇 移动联通双4G手机5.2英寸，8核CPU，指纹识别，UltraPixel超像素前置相机+2000万/200万后置双镜头相机！降价特卖，惊喜不断！', '0', '2014-11-03 20:18:00', '5', '0', '91', '26', '0', null);
INSERT INTO `product` VALUES ('93', 'HTC Desire 826d 32G 臻珠白', '1599', '1969', 'products/1/c_0020.jpg', '后置1300万+UltraPixel超像素前置摄像头+【双】前置扬声器+5.5英寸【1080p】大屏！', '1', '2014-11-03 20:18:00', '5', '0', '7415', '23', '0', null);
INSERT INTO `product` VALUES ('94', '中兴 AXON', '2899', '3699', 'products/1/c_0002.jpg', '中兴 AXON 天机 mini 压力屏版 B2015 华尔金 移动联通电信4G 双卡双待', '1', '2014-11-03 20:18:00', '5', '0', '584', '22', '0', null);
INSERT INTO `product` VALUES ('95', '小米 红米2A 增强版 白色', '649', '749', 'products/1/c_0019.jpg', '新增至2GB 内存+16GB容量！4G双卡双待，联芯 4 核 1.5GHz 处理器！', '0', '2014-11-03 20:18:00', '5', '0', '5142', '21', '0', null);
INSERT INTO `product` VALUES ('96', '魅族 魅蓝note2 16GB 白色', '1099', '1499', 'products/1/c_0021.jpg', '现货速抢，抢完即止！5.5英寸1080P分辨率屏幕，64位八核1.3GHz处理器，1300万像素摄像头，双色温双闪光灯！', '0', '2014-11-03 20:18:00', '5', '0', '54', '21', '0', null);
INSERT INTO `product` VALUES ('97', '三星 Galaxy S5 (G9008W) 闪耀白', '2099', '2999', 'products/1/c_0022.jpg', '5.1英寸全高清炫丽屏，2.5GHz四核处理器，1600万像素', '1', '2014-11-03 20:18:00', '5', '0', '63', '32', '0', null);
INSERT INTO `product` VALUES ('98', 'sonim XP7700 4G手机', '1799', '2699', 'products/1/c_0023.jpg', '三防智能手机 移动/联通双4G 安全 黑黄色 双4G美国军工IP69 30天长待机 3米防水防摔 北斗', '1', '2014-11-03 20:18:00', '5', '0', '98', '44', '0', null);
INSERT INTO `product` VALUES ('99', '努比亚（nubia）Z9精英版 金色', '3988', '4888', 'products/1/c_0024.jpg', '移动联通电信4G手机 双卡双待真正的无边框！金色尊贵版！4GB+64GB大内存！', '1', '2014-11-03 20:18:00', '5', '0', '93', '51', '0', null);
INSERT INTO `product` VALUES ('100', 'Apple iPhone 6 Plus (A1524) 16GB 金色', '5188', '5988', 'products/1/c_0025.jpg', 'Apple iPhone 6 Plus (A1524) 16GB 金色 移动联通电信4G手机 硬货 硬实力', '0', '2014-11-03 20:18:00', '5', '0', '82', '52', '0', null);
INSERT INTO `product` VALUES ('101', 'Apple iPhone 6s (A1700) 64G 玫瑰金色', '6388', '7088', 'products/1/c_0026.jpg', 'Apple iPhone 6 Plus (A1524) 16GB 金色 移动联通电信4G手机 硬货 硬实力', '0', '2014-11-03 20:18:00', '5', '0', '54', '55', '0', null);
INSERT INTO `product` VALUES ('102', '三星 Galaxy Note5（N9200）32G版', '5588', '6388', 'products/1/c_0027.jpg', '旗舰机型！5.7英寸大屏，4+32G内存！不一样的SPen更优化的浮窗指令！赠无线充电板！', '0', '2014-11-03 20:18:00', '5', '0', '83', '52', '0', null);
INSERT INTO `product` VALUES ('103', '三星 Galaxy S6 Edge+（G9280）32G版 铂光金', '5999', '6888', 'products/1/c_0028.jpg', '赠移动电源+自拍杆+三星OTG金属U盘+无线充电器+透明保护壳', '0', '2014-11-03 20:18:00', '5', '0', '865', '44', '0', null);
INSERT INTO `product` VALUES ('104', 'LG G4（H818）陶瓷白 国际版', '3018', '3978', 'products/1/c_0029.jpg', '李敏镐代言，F1.8大光圈1600万后置摄像头，5.5英寸2K屏，3G+32G内存，LG年度旗舰机！', '0', '2014-11-03 20:18:00', '5', '0', '684', '51', '0', null);
INSERT INTO `product` VALUES ('105', '华为荣耀6', '1599', '2499', 'products/1/c_0003.jpg', '荣耀 6 (H60-L01) 3GB内存标准版 黑色 移动4G手机', '0', '2014-11-03 20:18:00', '5', '0', '856', '55', '0', null);
INSERT INTO `product` VALUES ('106', '微软(Microsoft) Lumia 640 LTE DS (RM-1113)', '1099', '1999', 'products/1/c_0030.jpg', '微软首款双网双卡双4G手机，5.0英寸高清大屏，双网双卡双4G！', '0', '2014-11-03 20:18:00', '5', '0', '845', '55', '0', null);
INSERT INTO `product` VALUES ('107', '宏碁（acer）ATC705-N50 台式电脑', '2399', '2799', 'products/1/c_0031.jpg', '爆款直降，满千减百，品质宏碁，特惠来袭，何必苦等11.11，早买早便宜！', '0', '2014-11-03 20:18:00', '5', '0', '856', '31', '0', null);
INSERT INTO `product` VALUES ('108', 'Apple MacBook Air MJVE2CH/A 13.3英寸', '6788', '7688', 'products/1/c_0032.jpg', '宽屏笔记本电脑 128GB 闪存', '0', '2014-11-03 20:18:00', '5', '0', '854', '44', '0', null);
INSERT INTO `product` VALUES ('109', '联想（ThinkPad） 轻薄系列E450C(20EH0001CD)', '4399', '5199', 'products/1/c_0033.jpg', '联想（ThinkPad） 轻薄系列E450C(20EH0001CD)14英寸笔记本电脑(i5-4210U 4G 500G 2G独显 Win8.1)', '0', '2014-11-03 20:18:00', '5', '0', '7123', '41', '0', null);
INSERT INTO `product` VALUES ('110', '联想（Lenovo）小新V3000经典版', '4599', '5499', 'products/1/c_0034.jpg', '14英寸超薄笔记本电脑（i7-5500U 4G 500G+8G SSHD 2G独显 全高清屏）黑色满1000減100，狂减！火力全开，横扫3天！', '0', '2014-11-03 20:18:00', '5', '0', '86', '8', '0', null);
INSERT INTO `product` VALUES ('111', '华硕（ASUS）经典系列R557LI', '3799', '4699', 'products/1/c_0035.jpg', '15.6英寸笔记本电脑（i5-5200U 4G 7200转500G 2G独显 D刻 蓝牙 Win8.1 黑色）', '0', '2014-11-03 20:18:00', '5', '0', '475', '77', '0', null);
INSERT INTO `product` VALUES ('112', '华硕（ASUS）X450J', '4599', '4699', 'products/1/c_0036.jpg', '14英寸笔记本电脑 （i5-4200H 4G 1TB GT940M 2G独显 蓝牙4.0 D刻 Win8.1 黑色）', '0', '2014-11-03 20:18:00', '5', '0', '748', '88', '0', null);
INSERT INTO `product` VALUES ('113', '戴尔（DELL）灵越 飞匣3000系列', '3399', '4299', 'products/1/c_0037.jpg', ' Ins14C-4528B 14英寸笔记本（i5-5200U 4G 500G GT820M 2G独显 Win8）黑', '0', '2014-11-03 20:18:00', '5', '0', '754', '8', '0', null);
INSERT INTO `product` VALUES ('114', '惠普(HP)WASD 暗影精灵', '5699', '6499', 'products/1/c_0038.jpg', '15.6英寸游戏笔记本电脑(i5-6300HQ 4G 1TB+128G SSD GTX950M 4G独显 Win10)', '0', '2014-11-03 20:18:00', '5', '0', '754', '7', '0', null);
INSERT INTO `product` VALUES ('115', 'Apple 配备 Retina 显示屏的 MacBook', '11299', '12288', 'products/1/c_0039.jpg', 'Pro MF840CH/A 13.3英寸宽屏笔记本电脑 256GB 闪存', '0', '2014-11-03 20:18:00', '5', '0', '689', '8', '0', null);
INSERT INTO `product` VALUES ('116', '联想 P1', '2199', '2999', 'products/1/c_0004.jpg', '联想 P1 16G 伯爵金 移动联通4G手机充电5分钟，通话3小时！科技源于超越！品质源于沉淀！5000mAh大电池！高端商务佳配！', '0', '2014-11-03 20:18:00', '5', '0', '74', '77', '0', null);
INSERT INTO `product` VALUES ('117', '机械革命（MECHREVO）MR X6S-M', '6799', '7599', 'products/1/c_0040.jpg', '15.6英寸游戏本(I7-4710MQ 8G 64GSSD+1T GTX960M 2G独显 IPS屏 WIN7)黑色', '0', '2014-11-03 20:18:00', '5', '0', '76', '78', '0', null);
INSERT INTO `product` VALUES ('118', '神舟（HASEE） 战神K660D-i7D2', '5699', '6499', 'products/1/c_0041.jpg', '15.6英寸游戏本(i7-4710MQ 8G 1TB GTX960M 2G独显 1080P)黑色', '0', '2014-11-03 20:18:00', '5', '0', '742', '4', '0', null);
INSERT INTO `product` VALUES ('119', '微星（MSI）GE62 2QC-264XCN', '6199', '6999', 'products/1/c_0042.jpg', '15.6英寸游戏笔记本电脑（i5-4210H 8G 1T GTX960MG DDR5 2G 背光键盘）黑色', '0', '2014-11-03 20:18:00', '5', '0', '75', '5', '0', null);
INSERT INTO `product` VALUES ('120', '雷神（ThundeRobot）G150S', '5699', '6499', 'products/1/c_0043.jpg', '15.6英寸游戏本 ( i7-4710MQ 4G 500G GTX950M 2G独显 包无亮点全高清屏) 金', '0', '2014-11-03 20:18:00', '5', '0', '941', '57', '0', null);
INSERT INTO `product` VALUES ('121', '惠普（HP）轻薄系列 HP', '3199', '4099', 'products/1/c_0044.jpg', '15-r239TX 15.6英寸笔记本电脑（i5-5200U 4G 500G GT820M 2G独显 win8.1）金属灰', '0', '2014-11-03 20:18:00', '5', '0', '75', '5', '0', null);
INSERT INTO `product` VALUES ('122', '未来人类（Terrans Force）T5', '10999', '11899', 'products/1/c_0045.jpg', '15.6英寸游戏本（i7-5700HQ 16G 120G固态+1TB GTX970M 3G GDDR5独显）黑', '0', '2014-11-03 20:18:00', '5', '0', '759', '56', '0', null);
INSERT INTO `product` VALUES ('123', '戴尔（DELL）Vostro 3800-R6308 台式电脑', '3299', '3499', 'products/1/c_0046.jpg', '（i3-4170 4G 500G DVD 三年上门服务 Win7）黑', '0', '2014-11-03 20:18:00', '5', '0', '83', '44', '0', null);
INSERT INTO `product` VALUES ('124', '联想（Lenovo）H3050 台式电脑', '5099', '5899', 'products/1/c_0047.jpg', '（i5-4460 4G 500G GT720 1G独显 DVD 千兆网卡 Win10）23英寸', '0', '2014-11-03 20:18:00', '5', '0', '96', '44', '0', null);
INSERT INTO `product` VALUES ('125', 'Apple iPad mini 2 ME279CH/A', '2088', '2888', 'products/1/c_0048.jpg', '（配备 Retina 显示屏 7.9英寸 16G WLAN 机型 银色）', '0', '2014-11-03 20:18:00', '5', '0', '94', '45', '0', null);
INSERT INTO `product` VALUES ('126', '小米（MI）7.9英寸平板', '1399', '2299', 'products/1/c_0049.jpg', 'WIFI 64GB（NVIDIA Tegra K1 2.2GHz 2G 64G 2048*1536视网膜屏 800W）白色', '0', '2014-11-03 20:18:00', '5', '0', '95', '45', '0', null);
INSERT INTO `product` VALUES ('127', '摩托罗拉 moto x（x+1）', '1799', '2699', 'products/1/c_0005.jpg', '摩托罗拉 moto x（x+1）(XT1085) 32GB 天然竹 全网通4G手机11月11天！MOTO X震撼特惠来袭！1699元！带你玩转黑科技！天然材质，原生流畅系统！', '0', '2014-11-03 20:18:00', '5', '0', '987', '14', '0', null);
INSERT INTO `product` VALUES ('128', 'Apple iPad Air 2 MGLW2CH/A', '2399', '3299', 'products/1/c_0050.jpg', '（9.7英寸 16G WLAN 机型 银色）', '0', '2014-11-03 20:18:00', '5', '0', '56', '64', '0', null);
INSERT INTO `product` VALUES ('129', '魅族 MX5 16GB 银黑色', '1899', '2799', 'products/1/c_0006.jpg', '魅族 MX5 16GB 银黑色 移动联通双4G手机 双卡双待送原厂钢化膜+保护壳+耳机！5.5英寸大屏幕，3G运行内存，2070万+500万像素摄像头！长期省才是真的省！', '0', '2014-11-03 20:18:00', '5', '0', '95', '98', '0', null);
INSERT INTO `product` VALUES ('130', '三星 Galaxy On7', '1499', '2398', 'products/1/c_0007.jpg', '三星 Galaxy On7（G6000）昂小七 金色 全网通4G手机 双卡双待新品火爆抢购中！京东尊享千元良机！5.5英寸高清大屏！1300+500W像素！评价赢30元话费券！', '0', '2014-11-03 20:18:00', '5', '0', '87', '87', '0', null);
INSERT INTO `product` VALUES ('131', 'NUU NU5', '1288', '2190', 'products/1/c_0008.jpg', 'NUU NU5 16GB 移动联通双4G智能手机 双卡双待 晒单有礼 晨光金香港品牌 2.5D弧度前后钢化玻璃 随机附赠手机套+钢化贴膜 晒单送移动电源+蓝牙耳机', '0', '2014-11-03 20:18:00', '5', '0', '9', '8', '0', null);
INSERT INTO `product` VALUES ('132', '乐视（Letv）乐1pro（X800）', '2399', '2999', 'products/1/c_0009.jpg', '乐视（Letv）乐1pro（X800）64GB 金色 移动联通4G手机 双卡双待乐视生态UI+5.5英寸2K屏+高通8核处理器+4GB运行内存+64GB存储+1300万摄像头！', '0', '2014-11-03 20:18:00', '5', '0', '87', '54', '0', null);
INSERT INTO `product` VALUES ('134', '运动手表男款', '2199', '2300', 'dd766cd389df4129b38c9d7ee504720d.jpg,3a98a6715eb74a30bc779c0171a2b2c1.jpg', '运动手表男款', '0', '2014-11-03 20:18:00', '4', '0', '51', '15', '0', null);
INSERT INTO `product` VALUES ('135', '手表男款机械手表', '5300', '5600', '3b67a585b1844164b9a777e5599274ab.jpg,879bf33e49ec413083091e76bd939e79.jpg,fe121382d7734eccbe52b383eaf7cf6c.jpg', '手表男款', '0', '2014-11-03 20:18:00', '4', '0', '54', '45', '0', null);
INSERT INTO `product` VALUES ('136', '西门子洗衣机', '2400', '2600', '0f76c6af9032491e9235d992ed0bc2e2.jpg', '西门子洗衣机', '0', '2014-11-03 20:18:00', '6', '0', '87', '89', '0', null);
INSERT INTO `product` VALUES ('137', '卫生纸', '64', '26', '5987b7bf284b4b898bf322d9c37af15f.jpg', '卫生纸', '0', '2014-11-03 20:18:00', '10', '0', '53', '687', '0', null);
INSERT INTO `product` VALUES ('138', '女士墨镜', '320', '340', '6c3f125fbef94690a9bf6eea2d57a22f.jpg', '女士墨镜', '0', '2014-11-03 20:18:00', '4', '0', '62', '542', '0', null);
INSERT INTO `product` VALUES ('139', '乳液', '310', '340', '51ffe37d48ac4b24b04311ae99839539.jpg', '乳液', '0', '2014-11-03 20:18:00', '7', '0', '62', '51', '0', null);
INSERT INTO `product` VALUES ('140', '护手霜', '20', '29', 'e78886b1d2d44a2796a338c9133ef6f0.jpg', '儿童护手霜', '0', '2014-11-03 20:18:00', '7', '0', '15', '25', '0', null);
INSERT INTO `product` VALUES ('141', '婴儿纸尿片', '74', '79', '0c39fd70aa2542abb4aad8efa7b65434.jpg', '婴儿纸尿片', '0', '2014-11-03 20:18:00', '10', '0', '25', '236', '0', null);
INSERT INTO `product` VALUES ('142', '欧莱雅保湿霜', '159', '199', 'bf266104952f4f54893272483f6cf401.jpg', '欧莱雅保湿霜', '0', '2014-11-03 20:18:00', '7', '0', '25', '54', '0', null);
INSERT INTO `product` VALUES ('143', '毛绒玩具熊', '59', '59', 'acac3bb41dde430f9cae2810a4a0cdfc.jpg', '毛绒玩具熊', '0', '2014-11-03 20:18:00', '10', '0', '68', '58', '0', null);
INSERT INTO `product` VALUES ('144', '女士单鞋', '499', '499', '57e99fc926624a949379d1714008c7f7.jpg', '女士单鞋', '0', '2014-11-03 20:18:00', '2', '0', '52', '98', '0', '72');
INSERT INTO `product` VALUES ('145', '女士单鞋', '549', '599', '888626460e2740648e9c96e331edaaad.jpg', '女士单鞋', '0', '2014-11-03 20:18:00', '2', '0', '14', '78', '0', '72');
INSERT INTO `product` VALUES ('146', '女士护手霜', '39', '39', '693898ab0c97465ca5bfe6a6547ba952.jpg', '女士护手霜', '0', '2014-11-03 20:18:00', '7', '0', '19', '14', '0', '72');
INSERT INTO `product` VALUES ('147', '儿童安全座椅', '299', '299', '7ba67918a5454fc09310408ac06fe2ae.jpg', '儿童安全座椅', '0', '2014-11-03 20:18:00', '10', '0', '365', '215', '0', '72');
INSERT INTO `product` VALUES ('148', '纸片面膜', '99', '99', '057903c896894e9cb178b391252a05b8.jpg', '纸片面膜 保湿', '0', '2014-11-03 20:18:00', '7', '0', '24', '25', '0', '72');
INSERT INTO `product` VALUES ('149', '洗衣液', '59', '59', 'b847c03654a8470eb47a92784bcc4071.jpg', '洗衣液', '0', '2014-11-03 20:18:00', '10', '0', '87', '25', '0', null);
INSERT INTO `product` VALUES ('150', '钓鱼椅', '199', '199', 'a075307a56094da181fd077240e40b24.jpg', '钓鱼椅', '0', '2014-11-03 20:18:00', '3', '0', '85', '21', '0', null);
INSERT INTO `product` VALUES ('151', '自行车', '599', '599', '113a0b44602a4bf1a4f7a275939f8b29.png', '自行车', '0', '2014-11-03 20:18:00', '3', '0', '96', '14', '0', null);
INSERT INTO `product` VALUES ('152', '运动水壶', '90', '99', '271d1ac5f42b46409d4d36e530548486.png', '运动水壶', '0', '2014-11-03 20:18:00', '3', '0', '91', '15', '0', null);
INSERT INTO `product` VALUES ('153', '钛合金微铅筏竿', '199', '199', '400c7b27dad54495bd27f99b2abfac6b.png', '钛合金微铅筏竿', '0', '2014-11-03 20:18:00', '3', '0', '92', '65', '0', null);
INSERT INTO `product` VALUES ('154', '卧推器杠铃架', '990', '990', '2bf7382edfc34b1882cb544003441fa8.png', '卧推器杠铃架', '0', '2014-11-03 20:18:00', '3', '0', '92', '98', '0', null);
INSERT INTO `product` VALUES ('155', '男士锻炼套装握力棒拉力器腕力器', '59', '59', '8e700e32e0c34468aa8923b0a7815887.png', '男士锻炼套装握力棒拉力器腕力器', '0', '2014-11-03 20:18:00', '3', '0', '92', '85', '0', null);
INSERT INTO `product` VALUES ('156', '帅健引体向上器家用多功能单双杠架', '208', '208', '778ed942f5f64470bd29d69e3887c8e0.png', '帅健引体向上器家用多功能单双杠架', '0', '2014-11-03 20:18:00', '3', '0', '96', '65', '0', '64');
INSERT INTO `product` VALUES ('157', '韩国正品收腹机美腰机懒人健腹器家用', '208', '208', 'd7228682330740dbb48d0719e6f1c8ad.png,63dd9a22978e433d883d0074462126c1.png', '韩国正品收腹机美腰机懒人健腹器家用', '0', '2014-11-03 20:18:00', '3', '0', '96', '95', '0', '64');
INSERT INTO `product` VALUES ('158', '驭马节能直驱电机工业缝纫机', '208', '208', '956adc500b5b4cb6880eef4d2cd04052.png,4805b1d7892b4fe5896acc90197fd8c4.png,da23f82dfcf54ea086c73a92c13922fe.png', '驭马节能直驱电机工业缝纫机', '0', '2014-11-03 20:18:00', '6', '0', '94', '85', '0', '64');
INSERT INTO `product` VALUES ('159', 'Midea/美的 EM7KCGW3-NR微波炉家用智能', '358', '358', 'd718cbadc3914b699d618cd9085f0943.png,b798db7e40524e2f89d8410db13fa3b0.png', 'Midea/美的 EM7KCGW3-NR微波炉家用智能', '0', '2014-11-03 20:18:00', '6', '0', '94', '85', '0', '64');
INSERT INTO `product` VALUES ('160', '伊莱特 聚能碳鼎电饭锅4L多功能电饭锅', '358', '358', '78a0f39d78a64a148540f60bfcca9647.png', '伊莱特 聚能碳鼎电饭锅4L多功能电饭锅', '0', '2014-11-03 20:18:00', '6', '0', '95', '54', '0', '64');
INSERT INTO `product` VALUES ('161', '一键全自动电磁炉智能语音提示电茶炉电茶壶', '358', '358', '2b8e756283fb4ab49f96174263b48c6e.png,bbabafe4f1b645f7816ce1b526960b4a.png,52e7c9e2f5f344d8b15e64a4d3ca822c.png', '一键全自动电磁炉智能语音提示电茶炉电茶壶', '0', '2014-11-03 20:18:00', '6', '0', '95', '85', '0', '64');
INSERT INTO `product` VALUES ('162', '富士FUJIFILM XT20 18-55套机', '4358', '4358', 'ee5677764fc14cc3b44bf7c2be16cdf4.png,40a5b57f0694412b9c05378c7d6e1613.png,8814cda24d3744bea97c04074dddbfeb.png', '富士FUJIFILM XT20 18-55套机', '1', '2014-11-03 20:18:00', '6', '0', '95', '54', '0', null);
INSERT INTO `product` VALUES ('163', '正品巧巧烘鞋器干鞋器烤鞋机冬季可伸缩紫外线杀菌宿舍商用', '55', '55', '469e50a64a1144a49b8210d60ee201af.png,046b2a47b4b3455fa7db77e8d5cbfcfe.png,7c0caa3a3e904709915940eafaf607de.png', '正品巧巧烘鞋器干鞋器烤鞋机冬季可伸缩紫外线杀菌宿舍商用', '1', '2014-11-03 20:18:00', '6', '0', '95', '54', '0', null);
INSERT INTO `product` VALUES ('164', '韩夫人除螨仪家用紫外线吸尘器除螨器床铺螨虫床上小型除螨机', '149', '149', 'd8f2783db7504099b08d27df99e4ea9e.png,c3e73adecb5b4af5a585ecc4096f873a.png', '韩夫人除螨仪家用紫外线吸尘器除螨器床铺螨虫床上小型除螨机', '1', '2014-11-03 20:18:00', '6', '0', '94', '87', '0', null);
INSERT INTO `product` VALUES ('165', '山本SB-D18家用五代空气炸锅大容量 智能无油烟薯条机电炸锅', '190', '190', '87ea11f2cce04acf87c75c08628d9caa.png', '山本SB-D18家用五代空气炸锅大容量 智能无油烟薯条机电炸锅', '1', '2014-11-03 20:18:00', '6', '0', '95', '54', '0', null);
INSERT INTO `product` VALUES ('166', '干湿两用直卷发器棒全自动卷发器棒', '190', '190', '97cb707737f24aa2902fd4de2463e00c.png,c011a690a9a14a53aafe039f67b84069.png,35b9a7f4a847415e9e744b653d60df48.png', '干湿两用直卷发器棒全自动卷发器棒', '1', '2014-11-03 20:18:00', '6', '0', '95', '54', '0', null);
INSERT INTO `product` VALUES ('167', '飞利浦电动剃须刀PQ206 PQ182男士干电池式刮胡刀', '190', '190', '4554e02dae394089940d924adbcdb4bb.png', '飞利浦电动剃须刀PQ206 PQ182男士干电池式刮胡刀', '1', '2014-11-03 20:18:00', '6', '0', '95', '56', '0', null);
INSERT INTO `product` VALUES ('168', '飞利浦电金稻冷热喷蒸脸器蒸面机脸部离子补水仪喷雾机美容家用美容仪', '190', '190', 'acfbc3bc46a54d71b2808b3ead087456.png', '金稻冷热喷蒸脸器蒸面机脸部离子补水仪喷雾机美容家用美容仪', '1', '2014-11-03 20:18:00', '6', '0', '87', '96', '0', '44');
INSERT INTO `product` VALUES ('169', '仕爵18K白金0.50克拉 时尚经典豪华钻石女戒/钻戒/婚戒/可定制', '3251', '3251', '2c61074dd7bd4610baed26375f6f02ed.png,0dbd6bb877634dd7aefb946e196ceb62.png,96a288ddbc1a497d822b204c49de9ec7.png', '仕爵18K白金0.50克拉 时尚经典豪华钻石女戒/钻戒/婚戒/可定制', '1', '2014-11-03 20:18:00', '4', '0', '85', '97', '0', '44');
INSERT INTO `product` VALUES ('170', '施华洛世奇天鹅吊坠装饰项链', '990', '990', '8e06053db12140c4aa81f9e4b00fa150.png,0bc332371463443ea48778d3839e1610.png,92aafc3a1ac34fb2b45557d8c6ac14e2.png', '施华洛世奇天鹅吊坠装饰项链', '1', '2015-11-03 20:18:00', '4', '0', '98', '9', '0', '44');
INSERT INTO `product` VALUES ('171', '流行红珍珠喜庆装饰项链百搭短款毛衣链秋冬新款女', '99', '99', '1f21a183ff034de798c2363da5bf367a.png,80504a42e9bc485cb99c42670777afdc.png,912ab39e084e4ac5afcbcf2a4988a7e9.png', '流行红珍珠喜庆装饰项链百搭短款毛衣链秋冬新款女', '0', '2014-11-03 20:18:00', '4', '0', '95', '7', '0', '44');
INSERT INTO `product` VALUES ('172', '欧美时尚健身杠铃哑铃项链 女 男士钛钢吊坠个性情侣饰品', '39', '39', 'f3969e73f39a42af9c1144d1d8aaf0fc.png,6e3fb06a504947b9bfec68ab45c2267a.png', '欧美时尚健身杠铃哑铃项链 女 男士钛钢吊坠个性情侣饰品', '0', '2014-11-03 20:18:00', '4', '0', '95', '5', '0', '44');
INSERT INTO `product` VALUES ('173', '爱的约定925银情侣项链一对学生简约文艺锁骨链韩版男女心形吊坠', '39', '39', '20d13e284da34a00a12b73f3effa37e5.png', '爱的约定925银情侣项链一对学生简约文艺锁骨链韩版男女心形吊坠', '0', '2014-11-03 20:18:00', '4', '0', '74', '7', '0', '44');
INSERT INTO `product` VALUES ('174', '韩式新娘项链金色水钻珍珠耳环套装简约结婚礼服配饰', '39', '39', '36def9362c884b3ebcc4f3388e88914b.png,44f04817b0b34f38866491cd9a1ea4af.png', '韩式新娘项链金色水钻珍珠耳环套装简约结婚礼服配饰', '0', '2014-11-03 20:18:00', '4', '0', '70', '5', '0', null);
INSERT INTO `product` VALUES ('175', '热卖采用施华洛世奇元素水晶项链--甜美樱桃', '39', '39', '670d6be7a0a34869b9092624ecbeaf6d.png,44bb2b2eeb9347159e78187c5fdc7d11.png', '热卖采用施华洛世奇元素水晶项链--甜美樱桃', '0', '2014-11-03 20:18:00', '4', '0', '954', '7', '0', '56');
INSERT INTO `product` VALUES ('176', '杰琳店 韩式简约气质项链 少女铜锆石微镶星星月亮锁骨链 高保色', '39', '39', '6e0ec4cf0e34417b9d7bb7f3159b12fb.png,3b7c5a5d96e0435082d91152477a223f.png', '杰琳店 韩式简约气质项链 少女铜锆石微镶星星月亮锁骨链 高保色', '0', '2015-11-03 20:18:00', '4', '0', '85', '4', '0', '56');
INSERT INTO `product` VALUES ('177', '韩版 好运鱼铃铛项链 钛钢镀玫瑰金时尚锁骨链', '39', '39', 'ee0ef86a8ce44ab98e4140e3f252a1d9.png,538b9ad23f4d4174be0b4c1d2a74ea3a.png', '韩版 好运鱼铃铛项链 钛钢镀玫瑰金时尚锁骨链', '0', '2014-11-03 20:18:00', '4', '0', '54', '4', '0', '56');
INSERT INTO `product` VALUES ('190', '桃潭兰花 【_蛋黄莲蓉月饼100gx2只】传统手工月饼中秋节食品包邮', '10', '10', '72579c314a9f45bf9018f9ffa75e0285.png,64d07c5046e1455ab81e321310d0f3ca.png,e81cac0acb1d4e7f986eec66f3d9edb3.png', '<p><img src=\"/shop/userfiles/image/yuebing2.png\" width=\"792\" height=\"487\" alt=\"\" /></p><p><span style=\"font-size: medium;\"><strong>手工月饼</strong></span></p>', '0', '2018-03-12 15:14:41', '1', '0', '100', '0', '1', '56');
INSERT INTO `product` VALUES ('191', '铭塔（MING TA）200粒建筑师积木 木制实木质婴幼儿童益智玩具宝宝智力积木玩具', '89', '89', '006577ba66504a5d93ef30e4016dd5a6.png,351b967a4c60488bac804c1114e8eab6.png,1a1a9eebff494a8d9a9a97f50a8a22ae.png', '<p><img src=\"/shop/userfiles/image/jimu4.png\" width=\"761\" height=\"472\" alt=\"\" /></p><p><img src=\"/shop/userfiles/image/jimu5.png\" width=\"750\" height=\"556\" alt=\"\" /></p>', '0', '2018-03-12 15:29:51', '10', '0', '100', '0', '1', '56');
INSERT INTO `product` VALUES ('192', '娇兰（Guerlain）亲亲唇膏361号3.5g', '296', '296', '3bd7da2ac6544dbe83faed6f077132b3.png,60b1d53367584951976608ec590bf9bb.png,61a0b9e2d26f4b1e813ebd35f4a414ed.png', '<p><img src=\"/shop/userfiles/image/kouhong4.png\" width=\"798\" height=\"536\" alt=\"\" /></p><p><img src=\"/shop/userfiles/image/kouhong5.png\" width=\"778\" height=\"545\" alt=\"\" /></p>', '0', '2018-03-12 15:34:32', '7', '0', '190', '0', '1', '56');
INSERT INTO `product` VALUES ('193', '德国怡戈（Ekobebe） 婴儿提篮式儿童安全座椅', '298', '298', 'b922852615f64673b72c0db25a5d6171.png,d64b237d25d644a3916b2122cfd4daae.png', '<p><img src=\"/shop/userfiles/image/zuoyi3.png\" width=\"657\" height=\"511\" alt=\"\" /><img src=\"/shop/userfiles/image/zuoyi4.png\" width=\"676\" height=\"517\" alt=\"\" /></p>', '0', '2018-03-12 15:56:47', '10', '0', '200', '0', '0', null);
INSERT INTO `product` VALUES ('194', '123', '123', '123', '30424b2a67a442848e033a4166f7dba5.png', '<p>123</p>', '0', '2018-06-07 10:34:09', '1', '0', '123', '0', '0', '1');
INSERT INTO `product` VALUES ('195', '22', '22', '22', '237624f65fe64c678620f891a592fba3.png', '<p>22</p>', '0', '2018-06-07 10:35:23', '1', '0', '22', '0', '0', '2');
INSERT INTO `product` VALUES ('196', '111', '111', '111', 'e7dc1fd3d8d24b64bf0dfac2a43a0889.png', '<p>11</p>', '0', '2018-06-07 10:40:17', '1', '0', '11', '0', '0', '13');

-- ----------------------------
-- Table structure for `shopcart`
-- ----------------------------
DROP TABLE IF EXISTS `shopcart`;
CREATE TABLE `shopcart` (
  `sid` int(11) NOT NULL auto_increment,
  `pid` int(11) default NULL,
  `count` int(11) default NULL,
  `uid` int(11) default NULL,
  `subtotal` double default NULL,
  PRIMARY KEY  (`sid`)
) ENGINE=InnoDB DEFAULT CHARSET=utf8;

-- ----------------------------
-- Records of shopcart
-- ----------------------------
INSERT INTO `shopcart` VALUES ('3', '53', '3', '7', '777');
INSERT INTO `shopcart` VALUES ('8', '14', '2', '7', '9000');

-- ----------------------------
-- Table structure for `twocategory`
-- ----------------------------
DROP TABLE IF EXISTS `twocategory`;
CREATE TABLE `twocategory` (
  `tcid` int(11) NOT NULL auto_increment,
  `tcname` varchar(255) default NULL,
  `state` int(11) default NULL,
  `cid` int(11) default NULL,
  PRIMARY KEY  (`tcid`),
  KEY `cid` (`cid`),
  CONSTRAINT `twocategory_ibfk_1` FOREIGN KEY (`cid`) REFERENCES `category` (`cid`)
) ENGINE=InnoDB DEFAULT CHARSET=utf8;

-- ----------------------------
-- Records of twocategory
-- ----------------------------
INSERT INTO `twocategory` VALUES ('1', '牛仔裤', '0', '1');
INSERT INTO `twocategory` VALUES ('2', '衬衫', '0', '1');
INSERT INTO `twocategory` VALUES ('13', '风衣', '0', '1');
INSERT INTO `twocategory` VALUES ('14', '羽绒服', '0', '1');
INSERT INTO `twocategory` VALUES ('15', '毛呢外套', '0', '1');
INSERT INTO `twocategory` VALUES ('16', '针织衫', '0', '1');
INSERT INTO `twocategory` VALUES ('18', '外套', '0', '1');
INSERT INTO `twocategory` VALUES ('19', '休闲裤', '0', '1');
INSERT INTO `twocategory` VALUES ('21', '九分裤', '0', '1');
INSERT INTO `twocategory` VALUES ('25', '帆布鞋', '0', '2');
INSERT INTO `twocategory` VALUES ('26', '小皮鞋', '0', '2');
INSERT INTO `twocategory` VALUES ('34', '休闲鞋', '0', '2');
INSERT INTO `twocategory` VALUES ('40', '斜挎包', '0', '2');
INSERT INTO `twocategory` VALUES ('41', '链条包', '0', '2');
INSERT INTO `twocategory` VALUES ('42', '水桶包', '0', '2');
INSERT INTO `twocategory` VALUES ('43', '男士商务包', '0', '2');
INSERT INTO `twocategory` VALUES ('44', 'Stan Smith', '0', '3');
INSERT INTO `twocategory` VALUES ('45', 'AJ', '0', '3');
INSERT INTO `twocategory` VALUES ('46', 'Nike', '0', '3');
INSERT INTO `twocategory` VALUES ('49', '篮球', '0', '3');
INSERT INTO `twocategory` VALUES ('51', '帐篷', '0', '3');
INSERT INTO `twocategory` VALUES ('52', '睡袋', '0', '3');
INSERT INTO `twocategory` VALUES ('53', '望远镜', '0', '3');
INSERT INTO `twocategory` VALUES ('54', '速干衣', '0', '3');
INSERT INTO `twocategory` VALUES ('55', '户外套装', '0', '3');
INSERT INTO `twocategory` VALUES ('56', '铂金', '0', '4');
INSERT INTO `twocategory` VALUES ('57', '钻戒', '0', '4');
INSERT INTO `twocategory` VALUES ('58', '黄金', '0', '4');
INSERT INTO `twocategory` VALUES ('59', '宝石', '0', '4');
INSERT INTO `twocategory` VALUES ('60', '翡翠', '0', '4');
INSERT INTO `twocategory` VALUES ('61', '珍珠', '0', '4');
INSERT INTO `twocategory` VALUES ('62', '高端定制', '0', '4');
INSERT INTO `twocategory` VALUES ('63', '琥珀', '0', '4');
INSERT INTO `twocategory` VALUES ('64', '三星', '0', '5');
INSERT INTO `twocategory` VALUES ('65', '苹果', '0', '5');
INSERT INTO `twocategory` VALUES ('66', '华为', '0', '5');
INSERT INTO `twocategory` VALUES ('67', '小米', '0', '5');
INSERT INTO `twocategory` VALUES ('68', '魅族', '0', '5');
INSERT INTO `twocategory` VALUES ('69', '电脑主机', '0', '5');
INSERT INTO `twocategory` VALUES ('70', '单反', '0', '5');
INSERT INTO `twocategory` VALUES ('71', '二手电脑', '0', '5');
INSERT INTO `twocategory` VALUES ('72', '蓝牙音箱', '0', '6');
INSERT INTO `twocategory` VALUES ('73', '机器人', '0', '6');
INSERT INTO `twocategory` VALUES ('74', '吹风机', '0', '6');
INSERT INTO `twocategory` VALUES ('75', '剃须刀', '0', '6');
INSERT INTO `twocategory` VALUES ('76', '卷发器', '0', '6');
INSERT INTO `twocategory` VALUES ('77', '加湿器', '0', '6');
INSERT INTO `twocategory` VALUES ('78', '电饭煲', '0', '6');
INSERT INTO `twocategory` VALUES ('79', '吸尘器', '0', '6');
INSERT INTO `twocategory` VALUES ('80', '爽肤水', '0', '7');
INSERT INTO `twocategory` VALUES ('84', 'BB霜', '0', '7');
INSERT INTO `twocategory` VALUES ('85', '精华', '0', '7');
INSERT INTO `twocategory` VALUES ('86', '护发素', '0', '7');
INSERT INTO `twocategory` VALUES ('87', '洗发水', '0', '7');
INSERT INTO `twocategory` VALUES ('88', '沐浴露', '0', '7');
INSERT INTO `twocategory` VALUES ('89', '干发帽', '0', '7');
INSERT INTO `twocategory` VALUES ('90', '洗脸仪', '0', '7');
INSERT INTO `twocategory` VALUES ('103', '鞋子', '0', '1');

-- ----------------------------
-- Table structure for `user`
-- ----------------------------
DROP TABLE IF EXISTS `user`;
CREATE TABLE `user` (
  `uid` int(11) NOT NULL auto_increment,
  `username` varchar(255) default NULL,
  `password` varchar(255) default NULL,
  `name` varchar(255) default NULL COMMENT '收货人姓名',
  `email` varchar(255) default NULL COMMENT '电子邮箱',
  `phone` varchar(255) default NULL COMMENT '收货人电话',
  `addr` varchar(255) default NULL COMMENT '收货地址',
  `state` int(11) default NULL COMMENT '订单状态：0未付款，1已付款，2未发货，3已发货，4已签收，5交易成功',
  `code` varchar(64) default NULL COMMENT '邮政编码',
  PRIMARY KEY  (`uid`)
) ENGINE=InnoDB DEFAULT CHARSET=utf8;

-- ----------------------------
-- Records of user
-- ----------------------------
INSERT INTO `user` VALUES ('1', 'tom', '123', null, null, null, null, null, null);
INSERT INTO `user` VALUES ('7', 'aaa', 'aaa', '郑爽', 'aaa@shop.com', '15726607618', '北京市西三旗中腾建华3楼', '0', '10000');
INSERT INTO `user` VALUES ('8', 'bbb', 'bbb', '张三', 'bbb@shop.com', '18726607618', '北京市西三旗中腾建华3楼', '0', '40000');
INSERT INTO `user` VALUES ('9', 'fgdfgd', '123', '张三', 'ree', '34234243', '湖北黄石义城公寓', '0', '43500');
